game_id,game_duration,winner,first_blood,first_tower,first_inhibitor,first_baron,first_dragon,rift_herald_kill,t1_tower_kills,t1_inhibitor_kills,t1_baron_kills,t1_dragon_kills,t2_tower_kills,t2_inhibitor_kills,t2_baron_kills,t2_dragon_kills
1,1949,1,2,1,1,1,1,2,11,1,2,3,5,0,0,1
2,1851,1,1,1,1,0,1,1,10,4,0,2,2,0,0,0
3,1493,1,2,1,1,1,2,0,8,1,1,1,2,0,0,1
4,1758,1,1,1,1,1,1,0,9,2,1,2,0,0,0,0
5,2094,1,2,1,1,1,1,0,9,2,1,3,3,0,0,1
6,2059,1,2,2,1,1,2,0,8,1,1,1,6,0,0,3
7,1993,1,1,2,1,1,1,1,10,2,1,2,2,0,0,0
8,1334,1,1,1,0,0,2,1,6,0,0,0,0,0,0,2
9,1387,2,2,2,2,0,2,2,0,0,0,0,8,1,0,2
10,2681,2,2,2,2,2,2,0,10,1,0,2,8,3,1,2
11,1391,2,2,2,2,2,2,2,0,0,0,1,10,2,1,1
12,1671,1,1,2,1,0,2,1,10,1,0,0,2,0,0,2
13,2071,1,1,1,0,1,2,1,6,0,1,2,3,0,0,1
14,1942,1,2,2,1,0,1,0,7,1,0,1,3,0,0,2
15,2374,2,2,2,1,1,2,0,8,1,1,2,9,2,0,2
16,1717,1,2,1,1,0,1,0,7,1,0,2,0,0,0,0
17,2390,2,2,2,2,2,2,0,3,0,0,1,9,3,2,4
18,1994,1,2,1,1,1,1,1,11,6,1,2,2,0,0,0
19,1513,2,1,2,2,0,2,0,0,0,0,0,11,3,0,2
20,1898,2,1,2,2,2,1,1,4,0,0,3,11,2,1,1
21,2026,2,1,1,1,2,1,2,5,1,0,1,11,3,1,2
22,1962,2,1,2,2,2,1,0,2,0,0,1,9,1,1,2
23,1511,2,1,2,2,0,2,0,2,0,0,0,10,2,0,2
24,1756,1,1,1,1,1,1,1,11,3,1,3,2,0,0,0
25,2173,2,2,2,2,0,1,0,2,0,0,1,11,3,0,0
26,2211,2,2,2,2,0,2,1,2,0,0,0,10,2,0,3
27,2472,2,2,2,1,1,2,2,10,3,1,2,10,2,1,3
28,1342,2,2,2,0,0,2,0,0,0,0,0,5,0,0,2
29,2288,2,1,2,2,2,2,2,4,0,0,1,7,2,1,3
30,1899,1,1,1,1,1,1,1,10,3,1,2,2,0,0,1
31,1597,2,2,1,2,2,1,1,4,0,0,2,9,1,1,0
32,1649,1,1,1,1,2,1,0,9,2,0,2,0,0,1,0
33,1894,1,1,1,1,2,1,0,10,2,0,2,1,0,1,1
34,2473,1,1,2,2,2,2,0,11,3,1,2,7,1,1,3
35,2452,2,1,1,2,2,1,1,3,0,0,3,11,3,1,1
36,1478,2,2,2,2,0,2,0,1,0,0,0,11,3,0,1
37,1505,2,2,2,2,0,2,0,2,0,0,0,10,2,0,2
38,2112,1,1,1,1,0,1,0,10,2,0,2,0,0,0,1
39,2054,1,2,1,1,0,1,0,10,2,0,4,3,0,0,0
40,1349,1,2,1,1,0,1,1,8,1,0,2,0,0,0,0
41,2309,2,2,1,2,2,1,2,5,0,0,3,10,1,2,1
42,1329,2,2,2,2,0,2,2,0,0,0,0,11,3,0,1
43,1800,1,2,1,1,1,1,1,8,1,1,2,4,0,0,1
44,932,2,2,2,2,0,2,0,0,0,0,0,6,1,0,1
45,2166,2,1,2,1,1,1,1,6,3,1,2,8,1,1,1
46,1994,1,1,2,1,0,2,0,9,2,0,2,2,0,0,1
47,2048,1,1,2,1,2,2,2,8,2,1,1,2,0,1,1
48,1461,2,2,2,2,0,2,1,2,0,0,0,8,2,0,2
49,2302,2,2,1,2,2,2,2,4,0,0,0,9,2,1,3
50,2237,2,2,2,1,1,1,2,7,1,1,2,9,1,1,1
51,2555,2,1,1,2,1,1,1,5,1,1,4,11,4,1,1
52,1026,1,1,1,1,0,1,0,9,2,0,1,1,0,0,0
53,1303,2,2,2,2,2,2,2,1,0,0,0,7,1,1,2
54,1843,1,1,1,1,0,1,1,11,4,0,3,0,0,0,0
55,1691,2,1,2,2,1,1,2,4,0,1,1,7,1,0,2
56,1875,1,1,1,1,0,2,0,11,3,0,1,1,0,0,1
57,1413,2,2,2,2,2,2,2,1,0,0,0,9,1,1,2
58,1682,1,1,1,1,1,2,1,9,2,1,1,0,0,0,1
59,1640,2,2,2,2,0,2,0,1,0,0,0,9,2,0,2
60,1925,1,1,1,1,1,1,0,7,1,1,2,2,0,0,0
61,1816,1,1,2,1,1,1,1,11,4,1,3,1,0,0,0
62,1070,1,1,1,1,0,1,1,10,2,0,2,0,0,0,0
63,1633,2,2,2,2,2,2,2,0,0,0,0,10,3,1,3
64,2169,2,2,2,2,0,1,1,4,0,0,2,8,1,0,2
65,197,2,0,0,0,0,0,0,0,0,0,0,0,0,0,0
66,1261,1,1,1,0,0,1,1,4,0,0,1,0,0,0,0
67,2493,1,1,1,1,0,2,0,10,2,0,3,2,0,0,1
68,2259,1,2,1,1,1,2,2,10,3,2,2,4,0,0,3
69,1697,2,1,2,2,2,2,0,1,0,0,0,7,1,1,2
70,1723,1,2,1,1,1,1,0,11,3,1,1,1,0,0,0
71,1643,2,1,2,2,2,2,2,1,0,0,0,11,3,1,2
72,2187,2,1,2,2,2,2,2,4,0,0,0,10,2,1,4
73,1590,1,2,1,1,1,2,1,9,2,1,1,1,0,0,1
74,1638,1,1,1,1,1,1,1,11,3,1,3,1,0,0,0
75,2147,2,1,2,2,2,2,0,6,0,0,0,10,2,1,3
76,1296,1,2,1,0,0,2,0,1,0,0,1,2,0,0,1
77,2634,1,2,2,2,1,1,0,9,1,2,3,8,1,0,2
78,963,1,1,1,0,0,0,0,4,0,0,0,1,0,0,0
79,2929,2,1,1,2,1,1,1,5,0,1,4,10,1,0,1
80,2097,1,2,1,1,1,1,1,11,3,1,3,1,0,0,1
81,2051,1,2,2,1,1,1,2,5,1,1,2,4,0,0,0
82,1707,1,2,1,1,1,1,2,10,2,1,1,1,0,0,0
83,193,1,1,0,0,0,0,0,0,0,0,0,0,0,0,0
84,1934,2,2,2,2,2,2,2,0,0,0,0,8,2,1,3
85,1451,1,1,1,0,0,2,0,3,0,0,0,1,0,0,1
86,1257,2,2,2,2,0,1,0,2,0,0,1,5,1,0,1
87,1789,1,2,1,1,1,2,0,7,1,1,1,2,0,0,2
88,1311,1,1,1,0,0,1,0,4,0,0,2,0,0,0,0
89,2218,2,1,1,2,1,1,0,5,0,1,3,9,1,1,2
90,1469,1,2,1,1,1,1,0,7,1,1,1,1,0,0,0
91,1543,2,1,2,2,2,2,2,2,0,0,0,11,3,1,3
92,2149,1,1,1,1,0,1,1,11,3,0,4,1,0,0,0
93,2050,1,1,1,1,1,2,0,11,4,1,1,3,0,0,2
94,2131,2,2,2,2,2,1,0,3,0,0,2,9,1,1,1
95,2039,2,2,1,2,2,1,1,3,0,0,2,11,3,1,1
96,2600,1,2,2,1,1,1,2,5,2,2,4,3,0,0,0
97,1761,1,1,1,1,1,2,0,9,1,1,2,0,0,0,2
98,1534,1,1,1,1,0,1,1,10,2,0,3,0,0,0,0
99,1226,2,1,2,2,0,2,2,0,0,0,0,9,3,0,2
100,1873,2,1,2,2,2,2,0,0,0,0,0,11,4,1,3
101,1695,1,1,1,1,2,2,0,10,2,0,1,5,0,1,1
102,2243,1,1,1,2,1,1,0,8,1,1,3,6,1,0,0
103,1604,1,1,1,1,1,2,1,10,2,1,1,0,0,0,2
104,1861,2,2,2,2,2,2,0,3,0,0,1,8,1,1,1
105,2280,1,1,1,1,1,1,2,10,3,2,4,5,0,0,0
106,2372,2,1,1,2,2,2,1,4,0,0,0,10,3,2,4
107,1810,1,2,2,0,1,2,0,3,0,1,1,5,0,0,1
108,1725,2,1,2,2,0,2,0,1,0,0,0,8,2,0,2
109,2615,2,1,1,2,2,2,0,7,0,0,1,7,1,1,2
110,1923,1,2,1,1,1,2,0,11,3,1,2,2,0,0,1
111,1233,1,1,1,1,0,1,0,7,1,0,2,0,0,0,0
112,1771,1,2,1,1,1,1,0,6,1,1,3,3,0,0,0
113,1161,1,1,1,1,0,1,0,7,1,0,1,0,0,0,0
114,1660,1,1,1,1,1,1,0,10,1,1,2,1,0,0,0
115,1760,2,1,1,2,2,1,1,2,0,0,1,8,1,1,2
116,1906,1,1,2,1,1,1,1,11,3,2,4,2,0,0,0
117,1289,2,2,2,0,0,2,0,0,0,0,0,8,0,0,2
118,1522,1,2,1,1,1,1,0,8,2,1,2,1,0,0,0
119,3288,2,2,1,1,1,2,1,7,2,3,2,6,2,0,4
120,192,1,1,0,0,0,0,0,0,0,0,0,0,0,0,0
121,948,1,2,1,0,0,0,0,1,0,0,0,0,0,0,0
122,1500,2,1,2,2,2,2,1,2,0,0,0,9,2,1,2
123,1324,2,2,2,2,0,2,2,1,0,0,0,8,2,0,2
124,1861,1,1,1,1,1,1,1,7,1,1,3,4,0,0,1
125,930,2,2,1,0,0,2,0,1,0,0,0,3,0,0,1
126,2845,1,2,1,1,2,2,0,8,3,0,2,8,1,2,2
127,2229,2,2,1,2,2,2,0,4,0,0,1,9,1,1,3
128,2136,1,2,1,1,0,2,1,10,1,0,3,0,0,0,1
129,1330,1,2,1,1,0,1,0,9,2,0,1,0,0,0,0
130,1366,2,1,2,0,0,2,0,0,0,0,0,5,0,0,1
131,1872,2,1,1,2,2,2,0,2,0,0,0,11,3,2,3
132,2310,1,2,2,1,1,1,1,8,1,1,1,6,0,0,3
133,1438,1,1,1,1,1,1,1,11,4,1,1,0,0,0,1
134,2202,1,2,1,1,1,1,1,11,4,1,3,1,0,0,0
135,1351,2,2,2,0,0,2,0,0,0,0,0,5,0,0,2
136,1400,2,2,2,0,0,2,0,2,0,0,0,7,0,0,2
137,1675,2,1,2,2,0,1,0,1,0,0,2,6,1,0,1
138,1379,1,2,2,1,1,1,0,8,1,1,2,1,0,0,0
139,2463,2,1,2,2,1,1,2,5,0,1,2,9,1,1,2
140,1367,1,1,1,1,0,1,0,9,1,0,1,0,0,0,0
141,2114,1,2,1,1,1,1,0,10,3,1,2,3,0,0,1
142,2311,2,1,2,2,2,2,0,2,0,0,0,8,1,1,3
143,1784,2,1,1,0,2,1,0,2,0,0,2,3,0,1,1
144,3072,2,1,2,2,2,2,0,3,0,0,0,11,4,2,5
145,935,2,2,2,0,0,0,0,0,0,0,0,3,0,0,0
146,2396,2,1,1,2,2,2,0,6,0,0,2,10,2,2,2
147,1146,1,2,1,1,0,1,0,11,2,0,2,0,0,0,0
148,2276,2,1,1,2,0,2,0,5,0,0,1,7,1,0,2
149,2700,1,2,2,1,2,2,0,9,4,0,1,6,1,1,3
150,208,1,1,0,0,0,0,0,0,0,0,0,0,0,0,0
151,1672,2,2,2,2,0,2,0,0,0,0,0,10,3,0,2
152,1960,2,2,2,2,0,1,0,0,0,0,1,10,3,0,2
153,1703,1,2,2,1,1,1,2,9,2,1,1,4,0,0,2
154,1631,2,2,2,2,2,2,2,0,0,0,0,9,1,1,3
155,2166,2,1,2,2,2,2,0,3,0,0,0,11,4,1,3
156,1367,1,1,1,1,0,1,1,7,1,0,1,1,0,0,0
157,1781,2,1,2,2,0,2,2,4,0,0,0,9,2,0,4
158,2526,1,2,1,1,1,1,0,8,1,2,2,4,0,0,2
159,1574,1,1,2,1,0,1,1,7,1,0,2,3,0,0,0
160,1315,1,1,1,0,0,1,0,5,0,0,1,1,0,0,0
161,2236,1,2,2,1,2,1,2,10,2,0,4,4,0,2,1
162,1647,2,1,1,2,2,1,0,4,0,0,1,11,3,1,2
163,1400,1,1,1,1,1,1,1,10,2,1,1,0,0,0,0
164,1592,1,1,2,1,0,1,0,9,1,0,2,2,0,0,0
165,1489,1,2,1,1,1,1,2,11,4,1,3,1,0,0,0
166,2286,2,1,1,1,2,2,1,9,2,0,1,8,1,2,3
167,1550,1,1,1,1,1,1,0,9,2,1,1,3,0,0,1
168,2018,1,2,2,1,1,2,2,8,1,2,0,4,0,0,4
169,2378,2,2,2,2,2,2,2,1,0,0,0,10,2,1,5
170,911,1,1,1,0,0,0,0,4,0,0,0,0,0,0,0
171,2047,1,1,2,1,1,2,1,10,2,1,1,3,0,0,2
172,1955,1,1,2,2,1,1,2,8,1,1,3,9,2,0,1
173,1574,2,2,2,2,2,1,0,0,0,0,1,11,3,1,1
174,2083,2,1,1,2,0,2,0,3,0,0,1,8,1,0,2
175,1748,1,2,1,1,0,1,0,8,1,0,2,1,0,0,0
176,1693,2,2,1,2,2,2,0,1,0,0,0,10,2,1,2
177,1255,1,1,1,1,0,1,1,6,1,0,1,0,0,0,0
178,1842,2,1,2,2,0,1,2,1,0,0,2,8,1,0,2
179,1619,1,2,1,1,0,0,0,7,1,0,0,1,0,0,0
180,1552,2,1,2,2,2,2,2,0,0,0,0,9,2,1,2
181,1359,1,1,1,1,0,1,0,8,1,0,2,0,0,0,0
182,1597,2,2,2,2,0,2,0,0,0,0,0,11,4,0,1
183,2377,2,2,2,2,1,2,0,1,0,1,0,10,3,0,4
184,2121,2,2,1,2,1,2,0,3,0,1,0,10,2,0,4
185,3328,1,1,2,1,2,1,0,7,1,1,3,7,0,1,2
186,1948,1,2,1,1,0,1,0,9,2,0,3,2,0,0,0
187,2560,1,1,2,1,1,1,0,7,1,1,2,3,0,0,1
188,1726,1,1,1,1,1,1,1,9,3,1,3,2,0,0,0
189,2494,1,2,2,1,1,2,2,9,2,1,0,7,0,1,4
190,1932,2,1,2,2,2,2,1,3,0,0,0,10,3,2,3
191,2149,1,2,2,1,1,2,1,10,2,2,1,4,0,0,3
192,1729,2,1,2,2,0,2,0,0,0,0,1,9,3,0,1
193,1873,2,2,2,2,0,1,0,2,0,0,2,9,2,0,1
194,2898,1,1,2,1,0,2,0,10,3,0,1,3,0,0,3
195,2100,2,1,1,2,0,1,0,5,0,0,3,7,1,0,0
196,2048,2,2,2,2,2,2,1,2,0,0,0,7,2,2,4
197,1670,1,2,2,1,1,2,2,8,2,1,1,6,1,0,2
198,2100,2,1,1,2,1,2,1,5,0,1,1,9,1,0,3
199,1755,1,2,1,1,0,1,1,11,4,0,2,1,0,0,0
200,1819,1,2,2,1,2,2,0,9,3,0,2,5,0,1,2
201,1412,1,1,1,1,1,1,1,11,3,1,2,0,0,0,0
202,1579,1,1,1,1,0,1,2,11,3,0,2,0,0,0,0
203,1299,1,2,1,1,0,1,0,8,1,0,2,1,0,0,0
204,2299,2,1,1,2,0,1,0,3,0,0,2,8,1,0,1
205,2075,1,1,1,1,1,1,1,10,3,1,3,3,0,0,0
206,1869,2,1,1,2,0,2,0,2,0,0,0,10,3,0,2
207,2295,2,1,1,1,2,1,1,7,1,0,3,10,2,1,1
208,1135,1,1,1,1,0,1,0,9,3,0,2,0,0,0,0
209,3025,2,2,1,2,1,2,0,7,0,1,4,7,2,0,1
210,1688,1,2,2,1,1,2,2,11,2,1,2,4,0,0,1
211,1230,1,1,1,0,0,1,1,7,0,0,1,2,0,0,1
212,2507,1,2,2,1,2,2,0,7,1,1,3,3,0,1,1
213,1997,2,1,2,2,2,2,2,4,0,0,0,9,1,1,2
214,1876,2,2,2,2,2,2,2,1,0,0,0,10,2,1,3
215,2685,2,1,2,1,1,2,2,5,1,2,0,11,3,1,4
216,1770,2,2,2,2,2,2,2,0,0,0,0,10,3,1,4
217,2675,1,1,1,1,1,1,2,11,4,1,3,6,0,1,1
218,2331,1,1,2,1,1,2,0,9,2,1,0,4,0,0,2
219,1557,2,2,2,2,2,2,2,2,0,0,0,9,4,1,3
220,1353,1,1,1,1,1,1,1,11,4,1,3,0,0,0,0
221,2505,2,2,1,2,1,1,0,4,0,2,2,7,1,1,2
222,2315,2,2,2,2,2,2,0,4,0,0,1,8,2,1,4
223,1413,2,2,2,2,0,2,2,1,0,0,0,6,1,0,1
224,1592,2,1,1,1,0,1,0,5,1,0,1,9,2,0,1
225,2310,2,1,1,2,2,2,2,5,0,0,2,10,2,2,2
226,1637,1,1,1,1,0,0,0,9,2,0,0,1,0,0,0
227,1722,1,2,1,1,1,1,1,11,3,1,3,0,0,0,0
228,1658,2,2,2,2,2,2,0,0,0,0,0,11,3,1,3
229,1488,2,1,2,2,2,2,2,0,0,0,0,7,1,1,3
230,1349,1,1,1,1,0,1,1,9,1,0,1,0,0,0,0
231,1837,1,1,1,1,0,1,0,11,3,0,1,1,0,0,1
232,2077,2,1,2,2,1,2,1,3,0,1,0,7,1,0,4
233,2544,1,1,1,2,1,2,2,7,1,2,3,11,4,0,2
234,1788,1,2,1,1,1,1,1,9,1,1,3,0,0,0,0
235,1768,2,2,1,2,1,1,1,3,0,1,3,8,1,0,0
236,1767,1,1,2,1,1,2,2,7,1,1,1,3,0,0,2
237,1921,2,1,2,2,1,1,2,3,0,1,2,10,2,1,1
238,1474,1,2,1,1,1,2,0,11,3,1,1,0,0,0,1
239,1897,2,2,2,2,2,1,2,1,0,0,1,8,1,1,3
240,2597,2,1,1,2,2,1,1,2,0,0,3,8,3,1,2
241,1702,1,2,2,1,1,2,1,11,2,1,1,4,0,0,2
242,2564,2,1,1,2,1,2,1,5,0,1,0,9,2,1,4
243,1786,2,2,2,2,0,2,0,2,0,0,0,9,1,0,3
244,1531,2,2,2,2,2,2,2,1,0,0,0,9,2,1,3
245,1356,2,1,2,0,0,2,0,1,0,0,0,3,0,0,1
246,1468,2,1,2,0,0,2,0,1,0,0,0,5,0,0,2
247,1504,1,2,1,1,0,2,1,8,1,0,1,3,0,0,1
248,2275,2,2,2,2,1,2,2,5,0,1,0,10,5,1,5
249,1398,2,1,2,2,0,2,1,0,0,0,0,9,2,0,2
250,2228,2,1,2,0,2,1,2,4,0,0,3,5,0,1,1
251,2196,2,2,2,2,2,1,0,3,0,0,1,10,2,1,3
252,1298,1,1,1,1,0,0,1,10,2,0,0,0,0,0,0
253,2114,2,1,1,2,1,2,1,5,0,1,0,7,1,0,4
254,1898,2,2,2,2,0,2,0,0,0,0,0,10,2,0,3
255,2043,2,2,1,2,2,1,2,4,0,0,2,6,1,1,2
256,2000,2,1,2,2,2,2,2,0,0,0,0,11,4,1,4
257,1947,2,2,2,2,2,2,0,2,0,0,0,11,5,1,2
258,2584,1,2,1,1,0,1,0,8,1,0,3,5,0,0,0
259,1515,1,2,1,1,0,1,1,7,1,0,2,1,0,0,0
260,1808,1,1,1,1,1,1,0,10,2,1,2,0,0,0,0
261,1336,2,1,1,0,0,1,2,1,0,0,1,4,0,0,0
262,2139,1,1,1,1,1,1,1,10,3,2,3,3,0,0,1
263,1970,1,1,1,1,1,1,0,8,1,1,4,3,0,0,0
264,1727,1,1,1,1,0,1,1,9,2,0,1,2,0,0,2
265,2874,1,2,1,2,1,2,0,9,2,1,2,8,2,1,3
266,1699,1,1,1,1,1,1,0,10,2,1,3,0,0,0,0
267,3144,2,1,2,2,2,2,0,9,1,1,4,8,3,2,1
268,2409,2,2,2,2,0,2,0,4,0,0,2,10,2,0,2
269,1249,2,2,2,0,0,2,0,0,0,0,0,4,0,0,1
270,1526,2,1,1,0,2,2,0,5,0,0,0,1,0,1,3
271,1859,2,1,2,2,0,2,0,4,0,0,0,7,1,0,1
272,2259,2,1,1,1,1,1,1,7,2,1,4,10,2,1,0
273,2617,1,2,2,2,2,2,0,8,2,0,1,8,2,1,4
274,1850,1,2,1,1,1,1,2,11,3,1,3,0,0,0,0
275,1811,2,1,2,2,1,2,0,4,0,1,2,10,3,0,2
276,1780,1,2,1,1,1,1,0,10,1,2,3,1,0,0,0
277,201,1,1,0,0,0,0,0,0,0,0,0,0,0,0,0
278,1801,2,1,2,2,2,2,2,0,0,0,0,9,2,1,3
279,1233,2,2,2,0,0,2,2,1,0,0,0,6,0,0,2
280,1769,2,2,2,2,0,1,0,3,0,0,1,7,1,0,2
281,1773,1,2,2,2,2,2,2,11,3,0,1,4,1,1,1
282,1722,1,1,2,1,0,1,0,11,3,0,2,4,0,0,0
283,1600,1,2,1,1,1,2,1,9,2,1,0,1,0,0,1
284,2122,1,1,1,1,0,2,2,9,1,0,1,2,0,0,3
285,1585,1,2,2,1,1,2,2,9,2,1,1,3,0,0,1
286,1793,1,1,1,1,1,1,1,11,3,1,3,0,0,0,0
287,2237,2,1,2,2,1,2,0,3,0,1,0,9,1,0,3
288,1158,1,1,1,1,0,2,0,7,1,0,0,1,0,0,1
289,2524,2,2,1,2,1,1,0,8,0,2,1,8,2,0,3
290,2196,2,2,1,2,2,1,2,4,0,0,2,11,4,2,2
291,2059,2,1,1,2,2,2,0,3,0,0,1,8,1,1,2
292,1776,1,2,1,1,0,2,1,9,1,0,3,1,0,0,1
293,2174,1,1,1,1,2,2,2,10,2,0,2,3,0,1,2
294,2167,1,2,2,2,2,2,1,9,1,1,1,6,1,1,2
295,1254,1,1,1,1,0,1,0,7,1,0,1,1,0,0,0
296,2012,2,2,2,1,2,2,1,7,1,0,1,10,2,1,1
297,2196,1,1,1,2,1,1,0,8,1,1,1,6,1,0,1
298,1789,2,1,2,2,2,1,1,2,0,0,1,9,1,1,2
299,2065,1,2,1,1,0,1,0,10,3,0,2,4,0,0,0
300,1656,1,1,1,1,0,1,1,10,2,0,3,0,0,0,0
301,2260,1,2,2,2,2,1,1,2,0,1,1,7,1,1,2
302,1800,2,2,1,2,0,2,0,2,0,0,0,8,1,0,2
303,1568,2,1,2,2,0,1,0,2,0,0,1,9,2,0,1
304,2393,1,1,1,1,1,1,1,8,1,2,3,3,0,0,0
305,2023,1,1,1,1,1,1,1,9,2,1,4,2,0,0,0
306,1508,2,2,2,2,2,2,0,1,0,0,0,11,2,1,2
307,1683,2,1,2,2,2,2,2,0,0,0,1,10,2,1,1
308,2120,1,1,2,1,0,2,0,9,1,0,1,3,0,0,2
309,1636,2,2,2,2,2,2,2,1,0,0,0,8,2,1,2
310,2540,1,1,1,1,2,1,0,10,3,1,5,7,0,1,0
311,1475,1,2,2,1,1,2,2,5,1,1,1,6,1,0,2
312,3548,1,1,2,2,2,1,1,8,1,0,3,10,3,1,2
313,2106,2,2,1,1,2,1,1,6,1,0,1,8,1,1,2
314,1874,1,2,2,1,0,2,2,8,1,0,2,3,0,0,2
315,2045,2,2,2,2,2,1,2,2,0,0,2,8,1,1,1
316,2959,2,1,1,2,2,1,2,5,0,0,3,11,6,3,3
317,2661,2,1,1,1,2,2,0,6,3,0,1,10,2,1,3
318,1616,1,2,1,1,0,1,0,10,2,0,2,0,0,0,0
319,1639,1,1,1,1,0,1,1,10,1,0,2,0,0,0,0
320,1441,1,2,1,1,0,1,1,5,1,0,2,1,0,0,0
321,1399,1,1,1,1,0,1,0,11,3,0,2,1,0,0,0
322,1167,2,1,2,0,0,0,2,1,0,0,0,5,0,0,0
323,1461,1,1,1,1,1,1,0,7,1,1,2,0,0,0,0
324,1797,2,2,2,2,2,2,2,0,0,0,0,11,4,1,3
325,1849,2,1,2,2,0,2,1,4,0,0,0,9,2,0,1
326,1446,2,2,1,0,0,1,0,3,0,0,2,3,0,0,0
327,2308,1,2,1,1,1,1,1,11,5,2,4,1,0,0,0
328,2167,1,2,1,1,1,1,0,8,1,1,3,2,0,0,1
329,1065,1,1,1,1,0,1,0,7,1,0,1,0,0,0,0
330,2073,2,2,2,2,0,1,0,4,0,0,1,8,1,0,3
331,1264,2,2,2,0,0,2,2,0,0,0,0,7,0,0,2
332,1516,1,2,1,1,0,1,1,9,2,0,1,1,0,0,1
333,1468,2,2,2,0,0,2,2,0,0,0,0,8,0,0,1
334,2562,1,2,1,1,1,1,0,11,2,2,4,5,1,0,0
335,2014,2,2,2,2,2,1,1,3,0,0,1,7,1,1,1
336,1723,1,1,1,0,0,2,0,5,0,0,1,2,0,0,2
337,1378,1,1,1,1,0,2,1,7,1,0,2,1,0,0,1
338,1007,2,2,2,0,0,2,2,1,0,0,0,4,0,0,1
339,1714,1,1,2,1,1,1,0,10,1,1,3,4,0,0,0
340,2023,2,1,1,2,2,2,0,6,0,1,0,8,2,1,3
341,2058,2,1,2,1,1,2,2,6,1,1,2,9,1,1,1
342,2184,2,2,2,2,2,2,2,3,0,0,2,8,1,1,2
343,2649,2,1,1,1,2,2,0,7,1,0,1,7,2,1,3
344,1277,2,1,2,0,0,2,0,0,0,0,0,5,0,0,1
345,1400,1,1,1,1,0,1,1,7,1,0,2,0,0,0,0
346,2022,1,1,2,1,1,2,1,8,1,1,2,4,0,0,2
347,2241,1,1,1,1,1,1,2,11,4,1,4,4,0,0,0
348,1331,1,2,1,0,0,1,0,5,0,0,2,2,0,0,0
349,2010,2,2,1,2,2,1,0,2,0,0,1,10,2,1,1
350,1809,2,1,2,2,0,2,2,1,0,0,0,11,1,0,3
351,1696,1,1,1,1,1,1,1,10,2,1,3,0,0,0,0
352,1695,1,1,1,1,0,1,0,11,3,0,3,0,0,0,0
353,1801,2,2,2,2,0,1,0,4,0,0,1,9,2,0,2
354,1547,2,2,2,2,0,1,2,1,0,0,1,7,2,0,1
355,1523,2,2,2,2,2,1,2,1,0,0,2,10,2,1,1
356,2528,1,1,1,1,1,2,0,9,1,1,3,1,0,0,1
357,2621,2,1,2,2,2,2,0,5,0,0,1,10,4,2,4
358,2352,1,1,1,1,1,1,1,10,2,1,2,4,0,0,2
359,1752,2,1,2,2,0,2,1,0,0,0,0,9,2,0,2
360,1322,2,2,2,2,0,2,2,0,0,0,0,9,2,0,2
361,1635,2,2,2,2,2,2,2,2,0,0,0,9,2,1,3
362,2082,2,2,1,2,2,2,0,4,0,0,2,10,2,1,1
363,2811,1,1,2,1,1,2,0,10,2,2,0,7,1,0,5
364,1574,1,1,1,1,1,1,1,11,3,1,2,0,0,0,1
365,1507,2,2,2,2,0,2,0,2,0,0,0,11,2,0,2
366,1923,2,2,1,2,0,2,0,4,0,0,0,7,1,0,2
367,1985,1,2,1,1,0,1,0,10,2,0,2,1,0,0,0
368,1662,2,2,2,2,0,2,0,0,0,0,0,11,3,0,2
369,204,2,2,0,0,0,0,0,0,0,0,0,0,0,0,0
370,1350,2,2,2,2,0,2,0,2,0,0,0,9,1,0,2
371,1741,1,1,1,1,1,1,0,9,3,1,3,2,0,0,0
372,1712,2,2,1,2,0,2,1,3,0,0,0,8,2,0,2
373,1989,2,2,1,2,2,1,2,2,0,0,1,11,4,2,2
374,1866,1,1,2,1,1,2,1,11,3,1,2,3,0,0,1
375,2321,2,1,1,2,2,2,0,4,0,0,3,11,4,2,1
376,1530,1,1,1,1,0,1,1,9,1,0,2,1,0,0,0
377,2444,1,2,1,1,2,1,1,11,4,0,3,5,0,1,1
378,195,1,1,0,0,0,0,0,0,0,0,0,0,0,0,0
379,3691,1,2,2,2,1,1,0,9,2,1,4,11,7,1,2
380,1982,1,2,2,1,2,1,0,10,2,0,3,3,0,1,0
381,2370,2,1,1,2,2,2,2,6,0,0,1,11,3,1,3
382,2137,1,1,1,1,1,1,0,11,2,1,4,1,0,0,0
383,2092,1,1,2,1,2,2,1,8,1,1,2,6,0,1,1
384,1956,2,2,2,2,2,2,0,0,0,0,0,10,2,1,3
385,2479,2,2,1,2,1,1,1,5,0,1,2,11,4,1,2
386,2029,2,2,2,2,2,1,0,3,0,0,2,10,2,1,1
387,2158,2,2,2,2,0,2,2,2,0,0,1,9,2,0,2
388,1904,2,2,2,2,0,2,2,0,0,0,0,10,2,0,4
389,1556,2,2,1,2,2,1,0,3,0,0,1,7,1,1,1
390,1607,2,1,1,2,0,2,0,1,0,0,0,6,1,0,2
391,1916,2,1,1,2,0,2,0,2,0,0,0,9,1,0,3
392,2667,1,1,2,1,1,1,1,11,3,2,4,3,0,0,0
393,1111,2,2,2,0,0,2,2,1,0,0,0,4,0,0,1
394,2148,2,2,2,2,2,2,0,1,0,0,2,11,4,2,2
395,1725,1,2,1,1,1,2,2,10,1,1,1,2,0,0,2
396,2468,2,2,2,2,2,2,2,3,0,0,1,11,2,1,4
397,1841,2,1,2,1,2,1,2,5,1,0,4,6,1,1,0
398,1714,2,1,2,2,2,1,0,3,0,0,1,6,1,1,1
399,1951,2,1,1,1,0,2,0,8,2,0,0,7,1,0,3
400,1989,2,1,1,2,1,1,0,4,0,1,1,8,1,0,2
401,2484,1,2,2,2,2,2,1,9,1,0,0,10,2,1,3
402,1959,2,2,2,2,2,2,2,1,0,0,0,10,3,1,2
403,1844,1,2,1,1,0,2,2,11,2,0,0,2,0,0,2
404,1441,1,1,1,1,1,1,1,9,2,1,2,1,0,0,0
405,2105,2,2,2,2,0,2,0,0,0,0,0,10,2,0,3
406,1230,1,1,1,0,0,1,1,4,0,0,2,0,0,0,0
407,1418,2,1,2,2,0,2,0,0,0,0,0,10,2,0,2
408,1282,2,2,2,2,0,2,2,0,0,0,0,11,2,0,2
409,2336,2,2,2,2,2,1,0,3,0,1,3,11,5,1,2
410,1639,2,2,2,2,2,1,0,1,0,0,2,8,1,1,0
411,2019,2,2,2,2,2,2,0,3,0,0,0,9,1,1,2
412,1820,2,2,1,2,2,2,2,2,0,0,1,7,2,2,1
413,1358,1,1,1,1,0,1,1,9,2,0,2,0,0,0,0
414,2841,1,1,2,1,1,1,0,9,3,2,4,6,2,0,2
415,2449,2,1,1,1,2,1,0,5,1,0,3,10,3,2,2
416,1461,1,1,1,1,0,2,1,7,1,0,0,0,0,0,2
417,2114,1,2,1,1,0,1,0,10,2,0,2,3,0,0,1
418,2170,2,1,1,2,1,1,0,4,0,1,2,10,3,1,2
419,1510,2,2,2,2,0,2,2,1,0,0,0,11,3,0,3
420,2041,1,1,2,1,1,1,0,10,2,1,2,5,0,0,0
421,1356,2,1,2,2,2,1,2,0,0,0,1,9,2,1,0
422,1715,1,2,2,1,0,2,1,10,2,0,1,1,0,0,1
423,1949,1,1,1,1,1,2,1,11,4,1,1,0,0,0,1
424,1640,1,1,1,1,1,1,1,10,2,1,2,0,0,0,0
425,1666,1,2,1,1,1,1,2,9,2,1,1,0,0,0,0
426,1231,2,2,2,2,0,1,2,0,0,0,1,5,1,0,1
427,1791,1,2,2,1,1,1,1,11,4,2,2,4,0,0,0
428,1997,1,2,2,1,1,2,0,11,3,1,2,3,0,0,1
429,1679,1,2,1,1,0,1,2,6,1,0,2,2,0,0,1
430,2995,1,2,1,1,2,2,0,11,5,0,2,6,0,2,2
431,2115,1,2,1,1,2,2,1,8,1,1,3,5,0,1,1
432,2006,1,2,1,2,2,1,0,10,2,0,2,4,1,1,0
433,2033,1,1,1,1,1,2,0,11,2,1,1,1,0,0,3
434,2221,1,2,2,2,1,2,0,9,2,1,3,7,2,0,1
435,1250,1,1,1,1,0,1,2,9,2,0,2,1,0,0,0
436,2016,2,1,2,2,0,2,0,2,0,0,0,11,3,0,2
437,1230,2,1,2,2,0,0,0,1,0,0,0,8,1,0,0
438,1461,1,1,1,1,1,2,2,11,3,1,1,0,0,0,1
439,2306,2,1,1,2,2,1,1,6,0,0,1,9,1,1,4
440,1363,2,1,2,0,0,2,0,1,0,0,0,5,0,0,2
441,1128,1,1,1,1,0,1,0,10,2,0,2,0,0,0,0
442,1304,2,2,2,0,0,2,0,1,0,0,0,6,0,0,1
443,2043,2,1,1,2,1,1,0,7,0,1,2,9,2,0,0
444,2129,2,2,2,2,2,1,2,2,0,0,1,9,2,1,3
445,2299,2,2,2,2,2,1,0,3,0,0,1,11,4,1,3
446,1661,1,1,1,1,0,1,0,9,2,0,2,0,0,0,0
447,2799,2,1,1,2,2,2,0,3,0,0,0,11,5,1,4
448,2065,1,2,2,1,2,2,0,6,1,0,0,4,0,1,2
449,1920,1,1,1,1,0,2,0,10,1,0,1,2,0,0,1
450,1129,2,2,2,0,0,2,0,0,0,0,0,3,0,0,1
451,1240,1,1,1,1,0,1,1,10,2,0,2,1,0,0,0
452,197,1,1,0,0,0,0,0,0,0,0,0,0,0,0,0
453,1604,2,2,2,2,2,2,0,1,0,0,0,9,2,1,1
454,1619,1,2,1,1,0,1,2,8,2,0,1,1,0,0,0
455,1931,2,2,2,2,2,2,2,0,0,0,0,11,3,1,3
456,1521,1,2,1,1,1,1,1,9,2,1,1,1,0,0,1
457,2345,2,1,1,1,2,2,1,6,2,0,2,9,1,2,2
458,1686,2,2,2,2,2,2,2,3,0,0,1,11,3,1,1
459,1469,1,1,1,1,0,1,1,7,2,0,2,0,0,0,0
460,2622,2,1,1,1,2,1,1,9,3,0,5,8,1,3,1
461,2405,2,1,2,2,2,1,1,7,0,0,3,10,2,2,0
462,1628,1,1,1,1,1,1,1,10,1,1,2,2,0,0,1
463,1894,2,2,2,2,2,2,1,3,0,0,0,9,2,1,4
464,2258,1,1,1,1,1,2,2,9,2,2,1,4,0,0,2
465,2331,1,2,2,1,2,2,0,9,1,0,2,5,0,2,2
466,2152,1,1,2,2,2,2,0,8,1,0,2,6,2,1,1
467,2264,2,2,2,1,1,2,1,4,1,2,1,9,2,0,3
468,193,2,2,0,0,0,0,0,0,0,0,0,0,0,0,0
469,1969,2,1,2,2,2,2,2,1,0,0,1,9,1,1,3
470,2480,2,1,2,1,2,2,0,7,1,0,1,7,1,1,3
471,2081,2,2,1,2,1,2,1,4,0,1,1,10,2,0,3
472,1747,2,2,2,2,0,2,2,3,0,0,0,11,3,0,2
473,2189,1,1,1,1,1,2,0,9,2,1,0,3,0,1,2
474,198,1,1,0,0,0,0,0,0,0,0,0,0,0,0,0
475,1727,2,1,2,2,0,1,0,0,0,0,1,11,3,0,0
476,2568,2,1,2,2,2,2,0,1,0,0,0,10,3,1,5
477,2175,1,2,2,1,2,1,2,10,2,0,2,4,0,1,0
478,2197,2,2,1,2,2,1,0,5,0,0,2,10,3,2,2
479,2347,2,2,1,1,2,1,0,6,1,0,3,10,2,1,1
480,2031,2,2,2,2,2,2,2,0,0,0,0,11,3,1,4
481,1444,2,2,1,0,0,2,2,2,0,0,0,4,0,0,2
482,1524,1,2,1,1,1,2,1,7,2,1,0,1,0,0,1
483,1453,1,1,1,1,1,1,1,10,3,1,3,2,0,0,0
484,1883,2,2,2,2,2,2,2,3,0,0,1,9,2,1,2
485,2542,2,1,2,2,2,2,0,3,0,0,1,11,4,1,4
486,1467,2,2,1,2,0,2,2,4,0,0,0,7,1,0,3
487,1149,1,1,1,1,0,1,1,11,3,0,1,0,0,0,0
488,1982,2,2,2,2,2,1,0,1,0,0,2,9,2,1,1
489,1437,2,2,2,2,2,2,2,4,0,0,0,7,2,1,1
490,2092,2,2,1,2,2,2,0,5,1,0,0,10,2,1,3
491,2892,1,2,1,1,1,1,0,11,4,1,3,4,0,0,1
492,1954,2,2,2,1,2,1,1,7,1,0,2,8,1,1,2
493,1572,1,1,1,1,0,1,1,7,1,0,3,1,0,0,0
494,2075,2,1,2,2,2,2,2,2,0,0,0,8,2,1,3
495,2376,1,1,1,1,2,1,1,8,1,0,4,4,0,1,0
496,1714,2,1,2,2,0,2,2,1,0,0,0,7,2,0,3
497,1519,1,1,1,1,1,2,1,7,1,1,1,1,0,0,1
498,2019,1,2,2,1,0,2,0,5,1,0,1,4,0,0,1
499,967,1,2,1,0,0,0,1,2,0,0,0,0,0,0,0
500,925,1,1,1,0,0,2,0,2,0,0,0,0,0,0,1
501,1795,1,1,1,1,1,1,0,11,2,1,3,3,0,0,0
502,2339,2,2,2,1,2,2,1,7,1,0,2,7,1,1,3
503,1902,2,1,1,2,1,1,0,4,0,1,2,8,2,0,1
504,2084,1,2,1,0,2,1,0,4,0,0,3,4,0,1,0
505,2383,1,2,2,1,2,2,2,10,3,0,3,4,0,1,2
506,1410,1,1,1,1,0,1,2,8,1,0,1,3,0,0,1
507,2086,2,2,2,2,2,2,0,3,0,0,1,11,3,1,2
508,2265,1,1,2,1,1,2,1,7,2,2,3,5,0,0,1
509,1467,2,2,2,2,2,1,0,0,0,0,1,8,1,1,1
510,1588,2,2,2,2,2,2,2,0,0,0,0,11,3,1,2
511,1569,2,2,2,2,0,2,2,1,0,0,0,11,2,0,3
512,197,1,1,0,0,0,0,0,0,0,0,0,0,0,0,0
513,1965,2,1,2,2,2,2,2,1,0,0,1,11,3,1,3
514,1987,1,2,1,0,1,2,0,6,0,1,2,4,0,0,1
515,1652,1,2,1,0,0,1,2,3,0,0,1,2,0,0,1
516,1964,2,1,1,2,2,1,0,6,0,0,1,7,1,1,2
517,1850,2,1,1,0,0,2,0,3,0,0,0,4,0,0,1
518,1753,1,1,1,1,0,1,0,10,2,0,3,2,0,0,0
519,1731,2,1,2,2,2,2,0,0,0,0,0,11,2,1,2
520,1841,1,2,1,2,2,2,2,8,1,1,0,6,1,1,2
521,1895,1,1,1,1,1,1,1,10,2,1,3,2,0,0,0
522,1604,1,1,2,1,0,2,0,9,1,0,1,3,0,0,1
523,1381,1,2,1,1,0,1,1,7,1,0,2,0,0,0,0
524,2210,2,1,1,2,2,1,1,2,0,0,2,9,2,1,2
525,203,1,0,0,0,0,0,0,0,0,0,0,0,0,0,0
526,2074,1,2,1,2,2,2,0,5,1,0,0,8,2,1,3
527,2058,1,1,1,1,1,1,2,9,3,1,3,2,0,0,1
528,1754,1,1,1,1,1,1,1,11,4,1,3,1,0,0,0
529,1224,1,1,1,1,0,1,0,10,2,0,1,0,0,0,0
530,1282,1,1,1,1,0,2,1,11,1,0,1,0,0,0,1
531,2003,1,1,1,1,2,2,2,9,2,0,2,4,0,1,1
532,1692,2,1,2,2,0,2,2,2,0,0,0,11,3,0,1
533,2339,1,1,1,2,2,1,2,9,1,1,3,5,1,1,1
534,1759,2,2,2,2,0,2,0,3,0,0,0,9,2,0,2
535,1879,2,1,2,1,2,2,0,4,1,0,1,7,1,1,2
536,2074,2,2,1,2,2,2,0,6,0,0,1,8,1,2,2
537,911,2,2,2,0,0,2,0,0,0,0,0,3,0,0,2
538,1639,1,2,1,1,0,1,1,10,2,0,2,0,0,0,0
539,1209,2,2,2,2,0,2,0,0,0,0,0,11,2,0,1
540,2510,2,2,2,1,1,2,0,9,4,2,1,7,1,0,3
541,1880,2,1,1,2,0,2,2,2,0,0,0,7,2,0,4
542,2143,2,1,2,2,1,2,0,5,1,1,0,9,2,0,2
543,2157,1,2,2,2,2,1,1,8,1,1,3,9,1,1,1
544,1311,2,2,2,2,0,2,2,0,0,0,0,11,3,0,2
545,2434,2,1,1,2,2,2,0,4,0,0,1,9,1,1,3
546,1409,2,2,2,2,0,2,0,1,0,0,0,7,1,0,2
547,1880,2,1,2,2,1,2,2,5,0,1,2,9,1,1,1
548,1352,2,2,2,2,0,2,2,1,0,0,0,9,2,0,2
549,1120,2,1,2,2,0,2,2,2,0,0,0,6,1,0,1
550,2440,2,1,1,1,1,2,2,7,1,1,1,9,1,0,3
551,1967,1,2,1,1,1,2,0,11,2,1,1,3,1,0,1
552,1802,2,2,1,2,2,1,0,3,0,0,4,7,2,1,0
553,1863,2,1,1,2,2,1,2,5,0,0,1,6,1,1,1
554,1830,1,2,1,1,1,1,1,10,2,1,2,0,0,0,1
555,1665,2,2,2,2,2,2,2,0,0,0,0,10,2,1,3
556,2603,1,1,2,1,1,1,0,11,3,1,5,5,1,0,0
557,1444,1,1,1,1,0,1,1,10,2,0,2,0,0,0,0
558,1843,1,2,1,1,0,1,0,9,1,0,3,1,0,0,0
559,1640,1,2,1,1,1,1,2,11,3,1,3,3,0,0,0
560,1341,1,2,1,1,0,1,0,9,2,0,2,0,0,0,0
561,1393,1,1,1,0,0,2,0,5,0,0,0,2,0,0,2
562,1239,2,2,2,0,0,2,2,0,0,0,0,5,0,0,2
563,1518,2,1,2,2,2,2,2,0,0,0,0,11,2,1,2
564,1729,2,2,2,2,0,2,0,1,0,0,0,10,1,0,2
565,1648,2,2,2,2,0,1,0,1,0,0,1,10,2,0,0
566,2589,1,2,2,1,1,1,2,11,5,1,2,5,0,1,1
567,1488,2,1,1,2,2,2,0,3,0,0,0,9,1,1,2
568,1592,2,1,2,2,2,2,2,1,0,0,0,9,2,1,3
569,2089,1,1,2,1,1,1,2,7,1,1,3,4,0,0,1
570,1359,2,2,2,2,0,2,2,0,0,0,0,10,2,0,2
571,1989,2,1,2,1,2,2,1,7,1,0,3,8,1,1,1
572,1552,1,1,1,1,0,1,0,6,1,0,2,1,0,0,0
573,1736,2,1,1,2,2,2,1,4,0,0,0,7,1,1,2
574,1417,2,2,2,2,0,2,2,0,0,0,0,8,1,0,2
575,1416,2,2,2,2,2,1,2,2,0,0,1,10,2,1,2
576,1835,1,2,1,0,0,1,0,7,0,0,3,3,0,0,0
577,939,2,2,2,0,0,2,0,0,0,0,0,4,0,0,1
578,2245,1,1,1,1,1,1,1,9,2,1,3,1,0,0,0
579,1508,1,1,2,1,1,2,0,10,2,1,1,3,0,0,1
580,1862,2,1,2,2,2,1,1,3,0,0,3,10,2,1,1
581,2226,2,2,2,2,2,1,1,2,0,0,3,11,3,2,1
582,1739,1,2,1,1,0,1,0,11,5,0,2,0,0,0,0
583,2411,2,1,1,1,2,2,2,6,1,0,1,10,3,2,3
584,2113,2,2,1,1,2,2,2,7,1,0,1,8,1,1,3
585,2691,1,2,1,1,2,1,0,9,3,1,3,8,1,1,0
586,1512,2,2,2,2,0,2,2,1,0,0,0,11,3,0,2
587,1662,2,2,2,0,2,2,0,1,0,0,0,8,0,1,3
588,1999,2,1,2,2,0,2,2,2,0,0,0,10,3,0,4
589,2157,2,1,1,2,1,1,2,3,0,1,3,9,2,0,0
590,2625,2,1,1,1,1,1,1,9,2,2,3,8,1,0,2
591,2280,1,1,1,1,1,1,0,9,2,1,3,3,0,0,1
592,1834,1,1,1,1,1,1,0,10,2,1,1,2,0,0,1
593,2063,1,1,1,1,1,2,1,10,2,2,1,3,0,0,2
594,1456,2,1,2,2,0,2,2,0,0,0,0,9,1,0,2
595,1787,2,1,1,2,0,2,0,4,0,0,1,11,3,0,2
596,2091,1,1,1,1,0,1,0,9,2,0,2,2,0,0,0
597,1876,2,1,2,2,2,2,0,3,0,0,1,7,1,1,3
598,1858,1,1,1,1,1,1,2,9,2,1,2,4,0,0,0
599,1430,1,1,1,1,1,2,2,8,1,1,0,4,0,0,1
600,2106,1,2,1,1,0,1,0,9,1,0,3,4,0,0,0
601,2182,2,2,2,2,2,1,0,3,0,0,1,10,2,1,3
602,2593,2,1,1,1,2,2,1,8,2,2,2,10,1,1,2
603,2018,1,2,2,1,1,2,0,9,1,1,1,3,0,0,1
604,1812,1,1,1,1,1,1,1,10,2,1,3,2,0,0,0
605,1797,2,2,2,2,0,1,0,2,0,0,1,9,2,0,2
606,1875,1,1,1,1,1,1,0,10,2,1,2,0,0,0,0
607,1735,2,2,2,2,2,2,0,1,0,0,0,9,1,1,2
608,916,1,1,1,1,0,0,0,7,1,0,0,0,0,0,0
609,1506,1,1,1,1,0,1,1,10,2,0,2,0,0,0,0
610,2488,2,2,2,2,1,2,0,6,0,1,3,7,1,0,1
611,1578,1,1,2,2,1,1,2,5,1,1,1,7,1,0,1
612,1367,2,2,2,2,0,2,2,2,0,0,0,10,2,0,2
613,1599,1,1,1,1,0,1,0,10,2,0,1,1,0,0,0
614,1697,1,2,2,1,0,2,0,9,2,0,2,3,0,0,1
615,1626,2,1,2,2,2,2,0,0,0,0,0,9,2,1,3
616,1812,2,2,2,2,0,2,0,1,0,0,0,11,4,0,3
617,2148,1,2,1,1,1,2,1,8,2,1,2,5,0,0,1
618,3140,2,1,1,1,2,1,0,9,3,0,5,9,1,2,1
619,1684,2,1,2,2,0,2,0,1,0,0,0,10,3,0,3
620,1422,1,1,1,1,0,1,0,10,1,0,2,1,0,0,0
621,2296,1,1,2,1,2,1,0,10,5,1,2,5,0,1,3
622,2166,2,1,2,2,2,1,1,5,0,0,2,9,2,1,2
623,1545,2,1,2,2,0,2,0,0,0,0,0,9,2,0,3
624,2200,2,1,2,2,2,1,1,5,0,0,2,11,3,2,2
625,1257,1,1,1,1,0,1,2,10,2,0,2,1,0,0,0
626,1155,1,1,2,0,0,1,0,5,0,0,2,1,0,0,0
627,3109,1,1,2,2,1,2,0,11,5,2,4,5,1,0,1
628,1242,2,1,2,0,0,2,2,0,0,0,0,3,0,0,2
629,1816,1,1,1,1,0,1,0,8,1,0,1,2,0,0,1
630,2024,2,2,1,2,2,2,0,4,0,0,1,7,1,1,2
631,1915,2,2,1,2,2,1,0,2,0,0,1,11,3,1,2
632,1687,2,1,2,2,2,2,1,0,0,0,0,11,3,1,3
633,1689,1,1,1,1,1,2,2,11,3,1,2,3,0,0,2
634,1364,1,1,1,0,0,2,0,4,0,0,1,1,0,0,1
635,1443,2,2,2,0,0,2,0,0,0,0,0,4,0,0,2
636,2451,2,1,1,2,2,1,2,6,0,0,2,10,4,2,2
637,2930,2,1,2,2,1,2,0,7,1,2,2,9,4,0,3
638,1539,2,2,2,0,0,2,2,1,0,0,0,6,0,0,2
639,2251,2,2,2,2,1,2,0,2,0,1,0,10,2,0,3
640,1563,2,2,2,2,0,2,0,0,0,0,0,11,3,0,2
641,1880,1,1,2,1,0,2,2,10,2,0,2,3,0,0,1
642,1282,1,1,1,1,0,1,1,11,2,0,1,0,0,0,0
643,2065,1,2,2,2,1,2,2,6,1,2,1,6,1,0,4
644,1807,1,1,1,1,1,2,1,9,2,1,1,2,0,0,1
645,1745,1,1,1,1,1,1,1,11,3,1,3,1,0,0,0
646,1369,1,1,1,1,0,1,1,11,3,0,1,0,0,0,0
647,2195,2,1,2,2,2,2,2,1,0,0,1,10,2,2,4
648,1880,2,2,2,2,2,2,2,3,0,0,0,7,1,1,2
649,1539,2,2,1,0,0,2,0,1,0,0,0,4,0,0,1
650,1213,1,1,1,0,0,1,1,4,0,0,2,0,0,0,0
651,1858,1,2,2,1,1,1,0,11,3,1,4,4,0,0,0
652,2043,1,1,1,1,1,1,0,11,4,1,3,3,0,0,0
653,1933,2,1,2,2,2,2,1,2,0,0,0,9,2,1,2
654,2641,2,1,2,2,2,1,2,7,0,0,2,8,1,2,2
655,1671,1,1,1,1,1,1,1,6,1,1,2,3,0,0,0
656,2828,1,1,2,1,1,2,1,9,3,2,0,7,0,1,4
657,2297,2,2,2,1,2,2,2,11,3,0,4,7,1,2,1
658,1444,1,1,1,1,0,1,0,11,3,0,2,0,0,0,0
659,1698,1,2,1,1,1,1,0,10,2,1,3,4,0,0,0
660,1131,1,2,1,1,0,2,1,10,2,0,1,0,0,0,1
661,1606,2,1,2,0,0,1,2,2,0,0,1,6,0,0,0
662,2116,2,2,2,1,2,1,2,7,1,0,3,7,1,1,0
663,3563,1,2,2,2,1,1,1,9,2,2,4,8,4,0,3
664,1709,2,1,2,2,0,1,0,3,0,0,1,11,2,0,2
665,2265,1,1,2,1,1,1,1,10,3,2,3,3,0,0,1
666,1486,2,2,2,2,0,1,0,2,0,0,1,5,1,0,1
667,2080,1,1,1,1,1,2,0,10,3,1,1,6,0,0,2
668,1789,1,1,2,1,0,2,0,7,1,0,2,4,0,0,1
669,1057,2,2,2,2,0,0,0,0,0,0,0,10,2,0,0
670,1738,1,2,1,1,0,1,1,9,2,0,2,4,0,0,1
671,1731,2,2,2,2,0,1,2,3,0,0,3,8,1,0,0
672,1941,2,1,1,2,0,2,0,3,0,0,0,11,3,0,2
673,2376,2,2,2,2,1,2,0,4,0,1,1,11,3,1,4
674,2245,1,2,2,2,2,1,2,7,1,1,2,8,2,1,1
675,194,1,2,0,0,0,0,0,0,0,0,0,0,0,0,0
676,2542,2,2,1,2,2,1,0,3,0,0,1,11,2,1,3
677,2536,1,2,1,1,1,1,1,10,3,2,3,4,0,0,1
678,2084,1,1,1,2,1,2,1,7,1,1,2,9,1,0,1
679,2026,2,1,2,2,1,1,0,6,0,1,1,9,2,1,3
680,2162,1,1,1,1,0,2,0,9,2,0,2,2,0,0,2
681,2172,1,1,2,1,1,1,1,11,5,1,4,1,0,0,0
682,1512,1,1,1,1,0,1,1,11,4,0,2,1,0,0,0
683,2031,2,1,1,2,1,1,1,6,0,1,3,8,1,0,1
684,1821,1,2,1,1,0,2,1,10,2,0,3,1,0,0,1
685,1618,1,1,1,1,0,1,1,11,3,0,2,1,0,0,0
686,1147,2,1,1,0,0,2,2,1,0,0,0,5,0,0,2
687,1002,1,1,1,1,0,1,1,10,2,0,1,0,0,0,0
688,2275,1,1,2,2,1,2,0,8,1,2,1,6,1,0,3
689,2419,2,1,1,2,1,1,0,3,0,1,1,11,5,1,4
690,1340,1,1,1,1,0,1,1,6,1,0,2,0,0,0,0
691,915,1,1,1,0,0,1,0,4,0,0,1,0,0,0,0
692,1868,1,1,2,1,1,1,0,8,1,1,3,3,0,0,0
693,2470,2,2,2,1,1,2,2,6,1,1,0,11,4,1,2
694,1888,1,1,2,1,0,1,0,11,3,0,2,4,0,0,1
695,2259,2,2,2,2,1,2,0,3,0,1,2,10,2,0,1
696,1912,2,2,1,2,0,1,1,3,0,0,1,8,1,0,2
697,2342,2,2,2,2,1,2,2,5,0,1,1,10,2,1,2
698,1555,2,1,2,0,0,2,1,1,0,0,0,2,0,0,1
699,1746,2,1,1,1,2,1,1,9,1,0,4,9,2,1,0
700,1290,2,2,1,0,0,2,2,2,0,0,0,4,0,0,2
701,1073,2,1,2,2,0,2,2,0,0,0,0,9,1,0,1
702,2413,1,1,1,1,1,2,0,11,3,2,1,2,0,0,1
703,1356,1,2,1,1,0,1,0,9,2,0,1,0,0,0,0
704,1691,1,1,2,2,1,2,1,10,2,1,1,4,1,0,1
705,2193,2,2,2,2,2,2,2,2,0,0,1,11,4,2,3
706,2453,2,1,1,2,2,1,1,6,0,0,4,10,2,1,1
707,1276,2,2,2,2,0,2,2,0,0,0,0,9,1,0,1
708,1760,2,2,2,2,2,2,0,5,0,0,0,8,1,1,3
709,1310,1,1,2,1,0,1,1,9,1,0,2,1,0,0,0
710,1237,1,1,1,0,0,2,0,5,0,0,0,0,0,0,2
711,1988,2,2,2,2,2,2,0,1,0,0,0,10,2,1,2
712,1787,1,1,1,1,0,2,0,9,2,0,2,2,0,0,1
713,1538,1,1,1,1,0,1,0,10,2,0,2,0,0,0,0
714,1815,1,1,1,1,0,1,0,10,3,0,2,3,0,0,1
715,2095,1,1,1,1,0,1,1,9,1,0,3,1,0,0,0
716,1995,2,1,2,2,2,1,1,4,0,0,1,10,2,2,3
717,1346,2,2,2,2,0,2,0,0,0,0,0,8,1,0,2
718,1765,1,2,1,1,1,1,0,10,2,1,3,2,0,0,0
719,2155,2,1,1,2,0,2,1,3,0,0,0,9,3,0,3
720,1776,2,2,2,2,2,2,0,1,0,0,0,11,3,1,3
721,1607,1,1,1,1,0,1,1,7,1,0,2,1,0,0,0
722,1611,2,1,2,2,0,1,2,2,0,0,1,9,2,0,1
723,2012,2,1,2,2,1,1,0,4,0,1,1,11,2,0,3
724,2103,1,1,2,1,2,2,1,10,2,0,2,4,0,1,2
725,1245,1,2,1,1,0,1,1,9,2,0,2,0,0,0,0
726,2933,2,2,2,2,1,1,2,11,7,3,1,11,7,0,4
727,227,2,0,0,0,0,0,0,0,0,0,0,0,0,0,0
728,198,2,2,0,0,0,0,0,0,0,0,0,0,0,0,0
729,203,2,0,0,0,0,0,0,0,0,0,0,0,0,0,0
730,1969,2,1,2,2,2,2,2,2,0,0,1,11,3,1,2
731,1144,1,1,1,0,0,1,0,5,0,0,2,0,0,0,0
732,1316,1,1,1,1,0,1,1,6,1,0,1,2,0,0,0
733,2226,2,2,1,0,0,1,0,3,0,0,1,4,0,0,2
734,1902,1,1,2,1,1,1,2,7,1,1,3,3,0,0,0
735,1788,2,1,1,2,0,1,1,4,0,0,1,7,1,0,3
736,2503,1,2,2,1,1,1,0,11,4,1,3,6,0,0,2
737,1455,2,2,2,2,0,2,1,1,0,0,0,10,2,0,3
738,1986,2,2,2,2,1,1,2,4,0,1,3,9,3,0,0
739,1254,1,2,1,1,0,1,1,8,1,0,1,0,0,0,0
740,1682,1,2,1,1,0,1,0,10,2,0,3,1,0,0,0
741,1811,1,2,1,1,2,2,1,9,1,0,1,2,0,1,1
742,1717,2,1,2,2,2,2,2,1,0,0,0,10,2,1,3
743,1751,2,2,2,2,2,2,2,1,0,0,0,11,2,1,2
744,1349,2,2,2,2,2,2,2,0,0,0,0,9,1,1,2
745,2357,1,1,1,1,0,1,0,11,4,0,3,1,0,0,2
746,2088,2,1,2,2,0,1,0,3,0,0,1,8,1,0,1
747,2289,1,1,1,1,1,1,0,8,1,1,2,3,0,0,0
748,2110,1,1,1,1,1,2,1,10,2,1,3,2,0,0,1
749,1597,1,2,1,1,1,1,2,9,2,1,1,5,0,0,2
750,1833,2,2,1,2,2,2,1,3,0,0,0,8,2,1,2
751,2975,2,1,1,1,2,1,1,8,2,1,4,9,2,1,1
752,1275,1,1,1,0,0,1,0,8,0,0,1,0,0,0,0
753,1783,1,2,1,1,1,1,0,10,2,1,3,1,0,0,0
754,2514,2,1,1,1,1,1,0,9,2,1,2,7,1,1,1
755,1871,1,1,1,1,1,2,0,11,3,1,1,2,0,0,2
756,1998,1,1,1,1,0,1,0,11,3,0,2,1,0,0,0
757,2730,1,2,2,2,2,2,0,8,1,1,2,5,1,1,2
758,2326,2,2,1,2,2,1,0,3,0,0,1,11,3,1,2
759,1636,2,2,2,2,0,2,1,3,0,0,0,11,4,0,3
760,1747,2,1,1,2,2,2,0,3,0,0,0,11,3,1,2
761,1846,1,2,1,1,0,1,1,10,2,0,3,0,0,0,0
762,1605,1,1,1,1,0,1,1,10,2,0,3,0,0,0,0
763,2236,1,1,2,1,2,1,0,10,2,1,4,1,0,1,0
764,2258,1,2,2,1,1,1,0,9,2,1,4,7,2,0,0
765,1689,2,2,2,2,2,2,2,1,0,0,0,8,1,1,3
766,1053,1,1,1,0,0,1,0,4,0,0,1,0,0,0,0
767,1323,1,2,1,0,0,1,0,3,0,0,1,0,0,0,0
768,2340,2,1,2,2,1,2,1,5,0,1,2,11,2,1,3
769,2055,1,1,1,1,1,2,0,9,2,2,2,3,0,0,1
770,212,2,2,0,0,0,0,0,0,0,0,0,0,0,0,0
771,1802,1,2,2,1,0,1,2,8,2,0,2,4,0,0,1
772,2199,1,1,2,1,1,1,0,11,4,2,4,3,0,0,1
773,1375,2,2,2,2,0,2,0,0,0,0,0,7,1,0,1
774,1395,1,1,1,1,0,1,0,11,2,0,1,0,0,0,0
775,1441,2,2,2,0,2,2,2,0,0,0,0,7,0,1,1
776,2221,1,2,1,1,1,2,0,11,4,2,1,4,0,0,2
777,1538,1,1,2,1,1,1,2,9,2,1,2,2,0,0,0
778,2289,2,1,1,1,1,1,1,9,1,1,2,9,2,1,2
779,1572,2,1,2,2,2,2,0,0,0,0,0,11,2,1,2
780,2079,1,2,1,1,2,2,0,8,2,0,1,3,0,1,2
781,1904,1,1,1,1,1,1,0,10,3,1,2,2,0,0,0
782,1740,1,1,1,1,1,2,0,10,2,1,1,1,0,0,2
783,1686,1,2,2,1,1,2,1,7,1,1,0,6,0,0,3
784,2039,2,2,2,2,2,2,2,3,0,0,1,8,1,1,2
785,1361,1,1,1,0,0,1,0,4,0,0,2,0,0,0,0
786,2584,2,2,2,2,2,2,2,1,0,0,1,10,3,1,4
787,1927,1,2,1,1,0,2,1,11,2,0,1,3,0,0,2
788,1853,1,2,2,1,1,2,2,10,2,1,3,1,0,0,1
789,2447,2,2,1,2,2,1,0,8,0,0,3,9,3,2,1
790,1047,2,2,2,2,0,2,0,0,0,0,0,5,1,0,1
791,2274,1,1,1,1,1,1,0,10,3,1,3,3,0,0,0
792,1499,1,2,1,1,0,1,0,10,2,0,2,3,0,0,0
793,1760,2,2,2,2,0,2,1,2,0,0,1,8,1,0,1
794,2016,1,2,1,1,1,1,0,9,1,1,2,2,0,0,1
795,2400,2,2,2,2,2,1,0,6,0,0,2,9,1,1,1
796,2156,1,2,1,1,2,2,0,9,1,1,2,7,0,1,2
797,1811,2,2,2,2,0,2,1,3,0,0,0,10,2,0,3
798,1370,1,1,1,0,0,2,0,5,0,0,1,0,0,0,1
799,2244,2,2,2,2,0,2,1,2,0,0,1,11,3,0,3
800,2303,2,1,1,1,2,1,1,8,2,0,4,7,1,1,0
801,1851,1,1,1,1,2,1,0,11,3,1,1,1,0,1,1
802,1688,2,2,1,0,2,1,0,3,0,0,1,7,0,1,2
803,1905,1,1,1,1,0,1,0,8,2,0,2,1,0,0,0
804,1745,1,2,1,1,1,2,1,11,3,2,2,1,0,0,1
805,1638,2,2,2,2,0,2,2,0,0,0,0,11,3,0,1
806,1778,2,2,2,2,2,1,2,2,0,0,1,10,2,1,2
807,2093,2,1,1,2,2,1,1,3,0,1,3,9,2,1,2
808,1627,2,1,2,2,2,2,0,0,0,0,0,6,1,1,1
809,1931,1,1,1,1,1,1,1,11,4,2,2,1,0,0,1
810,202,2,1,0,0,0,0,0,0,0,0,0,0,0,0,0
811,1772,1,2,1,1,1,1,0,11,3,1,3,1,0,0,0
812,2279,2,2,2,2,2,2,2,5,1,0,2,9,3,2,2
813,2390,2,2,2,2,2,2,0,1,0,0,1,11,5,1,3
814,1612,1,2,1,1,0,2,1,9,1,0,2,3,0,0,1
815,1014,1,1,1,1,0,0,0,9,2,0,0,0,0,0,0
816,2208,2,2,1,2,2,2,2,1,0,0,1,10,3,2,2
817,197,2,2,0,0,0,0,0,0,0,0,0,0,0,0,0
818,2420,1,2,2,2,1,2,1,9,1,2,2,7,1,1,2
819,1780,1,2,2,1,2,1,0,11,3,0,3,3,0,1,0
820,1484,2,2,2,2,2,1,2,2,0,0,1,11,3,1,1
821,2256,1,2,2,1,1,1,2,7,1,1,3,4,0,0,0
822,2545,1,1,1,1,1,1,1,11,3,2,5,7,1,0,0
823,1288,1,1,1,0,0,1,0,2,0,0,1,2,0,0,0
824,1477,2,1,2,2,0,2,0,1,0,0,1,9,2,0,2
825,1258,2,2,2,2,0,2,2,0,0,0,0,10,2,0,1
826,2540,2,2,1,1,2,1,0,6,1,0,1,9,1,1,3
827,1318,2,1,1,2,0,1,2,3,0,0,2,7,1,0,0
828,1740,1,2,1,1,1,1,1,10,3,2,3,2,0,0,0
829,1715,2,2,2,2,2,2,0,0,0,0,0,11,4,1,3
830,1555,1,1,1,1,2,1,1,7,1,0,1,2,0,1,1
831,2907,1,1,2,1,1,2,1,10,6,2,1,6,0,1,4
832,1670,2,2,2,2,0,2,0,2,0,0,0,10,2,0,2
833,1534,2,2,2,2,0,2,0,0,0,0,0,5,1,0,2
834,2491,1,1,2,2,1,2,1,10,3,2,1,7,1,0,3
835,2047,1,1,2,1,2,1,2,10,3,0,3,4,0,1,0
836,2024,2,1,1,2,2,2,1,3,0,0,1,7,1,1,3
837,1770,1,2,1,1,1,2,1,7,1,1,2,1,0,0,1
838,1640,2,2,2,2,0,2,2,0,0,0,0,10,2,0,2
839,2592,2,1,1,1,2,1,0,5,1,0,1,10,3,2,2
840,203,1,0,0,0,0,0,0,0,0,0,0,0,0,0,0
841,1396,1,1,1,1,0,1,1,9,2,0,2,2,0,0,0
842,2319,2,1,1,2,1,1,2,5,1,1,3,9,2,1,1
843,1768,1,1,1,1,0,2,1,9,1,0,0,2,0,0,3
844,1633,1,1,1,1,1,1,1,10,2,1,3,2,0,0,0
845,1670,1,1,2,1,0,2,1,10,2,0,1,3,0,0,2
846,2003,2,2,2,2,2,2,0,2,0,0,0,7,1,1,4
847,1979,2,2,2,2,2,2,0,1,0,0,0,11,4,1,2
848,1723,1,1,1,1,0,2,1,9,1,0,1,1,0,0,1
849,2414,1,1,2,1,1,1,0,11,4,1,5,5,0,0,0
850,2283,2,2,1,2,0,2,1,5,0,0,2,9,2,0,2
851,2601,1,2,2,1,1,2,2,11,3,1,4,6,0,0,1
852,2841,2,1,1,1,2,1,0,8,3,0,4,9,1,1,1
853,2821,1,1,2,1,1,1,0,9,2,1,3,7,1,0,1
854,1620,1,1,1,1,1,2,1,11,2,1,1,1,0,0,1
855,1549,1,1,1,1,0,1,0,10,2,0,2,0,0,0,0
856,1593,2,2,2,2,2,2,0,1,0,0,1,9,2,1,2
857,1361,2,2,1,0,0,1,0,2,0,0,1,7,0,0,1
858,1621,2,1,2,2,1,1,1,6,0,1,1,7,1,0,0
859,1728,2,1,2,2,2,1,0,2,0,0,1,9,1,1,1
860,2092,1,2,1,1,1,2,0,10,2,1,0,1,0,0,4
861,1726,1,2,2,1,1,1,0,6,1,1,2,2,0,0,0
862,1980,1,1,1,1,1,1,1,11,2,1,3,3,0,0,0
863,193,1,1,0,0,0,0,0,0,0,0,0,0,0,0,0
864,1916,1,1,1,0,0,1,0,3,0,0,2,1,0,0,0
865,1672,1,2,1,1,0,2,1,8,2,0,1,1,0,0,1
866,2358,2,2,1,2,1,2,1,7,0,1,0,9,2,1,4
867,1306,1,1,2,0,0,1,0,6,0,0,2,1,0,0,0
868,202,1,0,0,0,0,0,0,0,0,0,0,0,0,0,0
869,1513,1,1,1,1,1,1,0,9,2,1,2,2,0,0,0
870,2421,2,2,1,2,2,2,0,3,0,0,1,11,5,1,4
871,1784,1,1,1,1,1,1,1,9,1,1,2,4,0,0,2
872,2259,1,1,2,1,2,1,0,9,1,0,3,5,0,1,1
873,1457,2,2,2,2,0,2,2,1,0,0,0,9,2,0,2
874,1790,2,2,2,2,0,1,2,1,0,0,1,11,3,0,3
875,2195,1,1,2,2,2,1,2,11,3,1,3,5,1,1,1
876,1671,2,1,2,2,2,1,0,1,0,0,1,9,1,1,0
877,1561,1,2,1,1,0,2,2,8,1,0,2,2,0,0,1
878,2170,1,1,1,1,1,2,0,10,2,1,2,1,0,0,1
879,1696,2,2,1,2,2,1,0,2,0,0,1,10,2,1,2
880,1621,1,1,1,1,0,1,0,10,2,0,2,1,0,0,0
881,1312,2,1,2,0,0,1,0,0,0,0,1,3,0,0,1
882,1920,1,1,1,1,0,2,0,11,3,0,2,1,0,0,1
883,1993,1,1,2,1,2,1,2,7,1,0,3,3,0,1,0
884,2370,2,1,1,2,2,1,0,8,2,0,2,7,1,1,1
885,1659,1,1,1,1,0,1,2,9,3,0,2,1,0,0,0
886,1890,1,1,1,1,1,2,1,6,1,1,0,3,0,0,3
887,1846,2,2,2,2,2,2,2,2,0,0,0,10,2,2,4
888,2226,2,2,2,2,2,2,2,5,0,0,0,9,1,1,3
889,2211,2,2,2,2,2,1,0,5,0,0,4,9,1,1,0
890,2216,1,2,2,1,1,1,0,7,1,1,2,5,0,0,1
891,2288,2,1,2,2,2,2,0,4,0,0,0,7,2,2,3
892,2652,1,2,2,1,0,1,2,10,2,0,4,4,0,0,0
893,2062,1,1,1,1,1,1,1,10,3,1,4,3,0,0,0
894,2055,1,1,2,1,1,1,2,11,3,1,4,5,0,0,0
895,1091,1,2,1,1,0,1,2,9,2,0,2,1,0,0,0
896,1454,2,2,2,2,2,2,0,0,0,0,0,8,2,1,1
897,2251,2,2,2,2,2,2,2,4,0,1,0,11,3,1,3
898,1613,2,1,2,2,0,2,2,4,0,0,0,11,3,0,3
899,1683,2,2,2,2,2,2,2,1,0,0,1,9,1,1,2
900,1767,1,1,1,1,0,2,1,11,3,0,2,0,0,0,1
901,2362,2,1,1,2,1,2,0,4,0,1,0,9,1,1,3
902,1845,1,2,2,1,2,1,1,10,2,1,2,4,0,1,0
903,1779,2,1,2,2,2,1,0,1,0,0,1,9,2,1,2
904,1397,1,1,1,1,0,1,1,11,2,0,3,0,0,0,0
905,1643,2,2,2,2,2,2,2,1,0,0,0,10,2,1,3
906,1231,1,1,1,1,0,1,1,6,1,0,2,1,0,0,0
907,1350,1,1,1,1,1,1,1,8,1,1,2,2,0,0,0
908,1281,1,1,1,1,0,1,1,8,2,0,2,0,0,0,0
909,1245,2,2,2,0,0,2,2,0,0,0,0,9,0,0,1
910,805,1,1,1,1,0,0,0,7,1,0,0,0,0,0,0
911,2173,2,2,2,2,2,2,0,4,0,0,0,10,2,1,3
912,2699,1,2,1,1,2,2,0,8,1,0,1,5,0,1,4
913,1828,2,2,2,2,0,2,0,0,0,0,0,9,2,0,3
914,922,1,2,1,0,0,1,0,4,0,0,1,0,0,0,0
915,1792,2,2,1,2,0,2,1,1,0,0,2,8,1,0,1
916,2069,1,1,2,1,1,2,0,10,2,1,1,1,0,0,2
917,2795,2,2,2,2,1,2,2,2,0,1,2,11,4,0,2
918,911,2,2,2,2,0,0,0,0,0,0,0,6,1,0,0
919,1565,1,1,1,1,0,1,0,10,2,0,3,1,0,0,0
920,1672,1,2,1,1,0,1,1,11,3,0,1,2,0,0,1
921,1878,1,1,1,1,0,2,2,8,2,0,1,4,0,0,2
922,1318,1,1,1,0,0,1,2,6,0,0,2,2,0,0,0
923,1544,1,2,1,1,1,1,0,7,1,1,2,2,0,0,0
924,2094,2,2,2,2,1,2,0,4,0,1,1,10,2,1,2
925,1505,1,1,1,1,0,1,2,9,3,0,1,1,0,0,1
926,1459,1,2,1,1,0,1,0,10,2,0,2,0,0,0,0
927,2154,2,2,1,1,2,2,0,7,1,0,1,9,1,1,2
928,2645,1,2,2,2,2,1,2,6,1,1,2,11,7,2,2
929,2331,2,2,2,2,2,1,0,5,0,0,1,9,1,2,3
930,941,2,2,2,0,0,2,0,0,0,0,0,4,0,0,1
931,2394,2,2,2,2,1,1,2,3,0,2,2,10,2,1,3
932,1992,2,2,1,1,0,1,0,9,1,0,3,8,1,0,0
933,1652,1,2,2,1,1,1,2,10,2,1,3,3,0,0,0
934,1179,1,1,1,1,0,1,1,10,1,0,1,0,0,0,0
935,1853,1,2,1,1,1,1,0,10,2,1,4,2,0,0,0
936,2285,1,1,2,1,1,2,2,10,3,1,2,2,0,0,2
937,2429,1,1,1,1,1,1,0,7,2,1,3,4,0,0,1
938,1871,1,1,1,1,1,1,0,9,2,1,2,4,0,0,0
939,2564,2,1,2,2,2,2,0,4,0,0,0,11,3,1,5
940,2971,2,1,1,2,2,2,0,3,0,0,0,11,5,1,3
941,2482,2,2,1,2,2,2,0,4,0,0,1,10,3,2,4
942,1956,1,1,1,1,0,1,1,9,2,0,1,2,0,0,1
943,2189,1,2,2,1,0,2,0,9,1,0,1,2,0,0,1
944,2116,1,2,2,1,1,2,0,10,1,1,2,5,0,1,2
945,1828,2,2,1,2,2,2,1,2,0,0,0,8,1,1,4
946,1737,1,2,2,1,0,1,1,8,1,0,2,4,0,0,0
947,1597,1,1,1,1,1,1,0,9,2,1,3,1,0,0,0
948,1160,1,1,1,1,0,1,1,6,1,0,1,0,0,0,0
949,1327,2,2,2,2,0,2,2,1,0,0,0,9,1,0,3
950,1270,1,2,1,0,0,1,0,5,0,0,2,1,0,0,0
951,1537,1,1,1,0,0,1,0,5,0,0,2,0,0,0,0
952,199,1,1,0,0,0,0,0,0,0,0,0,0,0,0,0
953,2598,1,2,2,2,1,1,1,8,2,2,3,8,2,0,2
954,2093,1,2,2,1,1,2,2,9,2,1,0,2,0,0,3
955,1788,1,1,2,1,0,2,1,9,2,0,0,3,0,0,1
956,1502,2,1,2,2,0,2,2,0,0,0,1,11,3,0,3
957,1699,1,1,1,1,0,2,0,10,2,0,1,2,0,0,1
958,2229,2,2,2,1,1,1,0,9,3,1,3,10,3,0,0
959,1135,1,2,1,1,0,1,1,8,1,0,1,2,0,0,0
960,1749,2,2,2,2,2,2,2,0,0,0,0,10,3,1,2
961,1776,2,1,1,2,0,1,0,3,0,0,1,7,1,0,0
962,191,2,2,0,0,0,0,0,0,0,0,0,0,0,0,0
963,1515,1,1,1,1,1,1,1,9,2,1,3,0,0,0,0
964,1902,1,2,1,1,1,1,1,10,2,2,4,0,0,0,0
965,2959,2,2,1,2,1,1,1,6,1,2,1,10,4,1,5
966,1356,2,1,2,2,0,2,0,2,0,0,0,11,3,0,2
967,1809,2,1,2,2,2,2,2,2,0,0,0,9,1,1,3
968,1221,2,2,2,2,0,2,2,0,0,0,0,9,1,0,2
969,2237,1,1,1,1,2,1,2,11,6,1,3,3,0,1,1
970,2508,2,1,2,2,1,2,0,1,0,1,0,10,4,1,5
971,1334,2,2,2,0,0,2,2,0,0,0,0,7,0,0,1
972,1613,2,2,2,2,2,2,2,1,0,0,0,10,3,1,3
973,1905,1,1,1,1,0,1,1,9,2,0,3,1,0,0,0
974,1693,2,2,2,2,2,2,2,1,0,0,0,9,1,1,2
975,1420,1,1,1,1,0,1,0,11,2,0,2,0,0,0,0
976,2344,2,1,1,1,2,1,1,7,2,0,3,9,1,1,1
977,2119,1,1,1,1,0,1,1,11,3,0,3,3,0,0,0
978,1851,2,2,2,2,2,2,0,3,0,0,0,11,3,1,3
979,1652,1,1,1,1,0,2,1,9,1,0,2,2,0,0,1
980,1622,1,1,2,1,1,1,1,9,2,1,2,2,0,0,1
981,1520,1,1,1,1,1,1,1,8,1,1,2,3,0,0,0
982,1902,1,2,2,1,2,1,2,8,1,0,2,3,0,1,0
983,1442,1,1,2,1,1,1,2,11,2,1,3,1,0,0,0
984,1965,2,1,2,2,2,2,2,1,0,0,1,11,2,1,2
985,2039,2,2,2,2,1,1,0,3,0,1,1,9,2,0,2
986,1653,1,1,1,1,0,1,1,10,2,0,2,0,0,0,0
987,1731,2,2,2,2,0,2,0,1,0,0,0,10,2,0,1
988,924,1,1,1,1,0,1,0,8,2,0,1,0,0,0,0
989,2200,1,2,1,1,1,1,0,11,3,1,3,4,0,0,1
990,1253,1,1,1,1,0,1,1,11,2,0,2,0,0,0,0
991,1584,1,1,1,1,0,1,0,6,1,0,3,3,0,0,0
992,1353,1,1,1,0,0,1,0,4,0,0,2,0,0,0,0
993,2265,2,1,2,2,1,1,0,3,0,1,1,10,4,0,1
994,1421,1,2,2,1,1,2,0,5,1,1,0,4,0,0,1
995,2004,1,1,2,1,0,1,1,6,1,0,3,4,0,0,1
996,1696,2,1,2,2,2,2,2,0,0,0,0,11,3,1,3
997,1211,2,2,2,0,0,2,2,0,0,0,0,7,0,0,2
998,1560,1,1,1,1,1,1,0,7,2,1,2,2,0,0,1
999,2058,1,1,2,1,1,2,0,11,3,1,1,3,0,0,2
1000,2294,1,1,1,1,1,1,0,9,1,1,4,4,0,0,0
